sample_id,add_error,obj_id,instance_id,scene_id,is_valid
0,0.04333500429190725,20,20_15_20_39_20,0,True
1,0.006719453336618496,3,3_1_3_20_3,0,True
2,0.01740955666073812,14,14_42_14_82_14,0,True
3,0.005276767844007321,12,12_4_12_25_12,0,True
4,0.13779212158481072,11,11_0_11_20_11,0,True
5,0.02051195559203806,1,1_16_1_75_1,0,True
6,0.004903468544576459,3,3_60_3_73_3,0,True
7,0.010901971362615896,4,4_11_4_65_4,0,True
8,0.014662339271005676,10,10_3_10_77_10,0,True
9,0.005386412303158441,1,1_1_1_34_1,0,True
10,0.02171741713184586,11,11_48_11_71_11,0,True
11,0.02189507878964051,15,15_5_15_45_15,0,True
12,0.014259671704850974,16,16_3_16_22_16,0,True
13,0.01447142789985671,6,6_35_6_75_6,0,True
14,0.00905727399013123,10,10_29_10_54_10,0,True
15,0.012849921477503105,20,20_42_20_62_20,0,True
16,0.017458258622554516,18,18_24_18_44_18,0,True
17,0.0028541481329645863,13,13_12_13_24_13,0,True
18,0.03508658540349926,19,19_5_19_16_19,0,True
19,0.01274001138459835,5,5_10_5_21_5,0,True
20,0.004380199534923323,5,5_20_5_32_5,0,True
21,0.013477226292385455,6,6_41_6_52_6,0,True
22,0.006519640215327181,12,12_13_12_64_12,0,True
23,0.01687394948647622,9,9_18_9_64_9,0,True
24,0.006541983570372875,12,12_43_12_54_12,0,True
25,0.02625689695769446,20,20_24_20_66_20,0,True
26,0.013292673452713382,9,9_1_9_60_9,0,True
27,0.012566080504514014,16,16_28_16_49_16,0,True
28,0.02250453132767306,17,17_30_17_40_17,0,True
29,0.01794685687661355,18,18_66_18_76_18,0,True
30,0.10438119627946135,2,2_20_2_54_2,0,True
31,0.018793971881527764,15,15_49_15_75_15,0,True
32,0.014990928667574182,10,10_42_10_68_10,0,True
33,0.02331799571310342,11,11_12_11_64_11,0,True
34,0.016165983032741374,6,6_13_6_38_6,0,True
35,0.013268872235859812,4,4_41_4_52_4,0,True
36,0.005080298097771476,1,1_32_1_54_1,0,True
37,0.015552831008199463,21,21_66_21_79_21,0,True
38,0.047010625395238904,9,9_31_9_67_9,0,True
39,0.007233672805604069,2,2_0_2_23_2,0,True
40,0.0182003643508879,7,7_46_7_74_7,0,True
41,0.017026513550295906,16,16_34_16_46_16,0,True
42,0.0018103403696670493,18,18_26_18_69_18,0,True
43,0.011153152993334348,2,2_1_2_63_2,0,True
44,0.03385171568540687,17,17_23_17_63_17,0,True
45,0.03191896463694794,11,11_29_11_59_11,0,True
46,0.0448689196734424,15,15_1_15_47_15,0,True
47,0.03691467421412947,4,4_7_4_33_4,0,True
48,0.022565432425909214,8,8_38_8_68_8,0,True
49,0.0023197885515541684,12,12_5_12_19_12,0,True
50,0.0956965792746332,17,17_7_17_54_17,0,True
51,0.013542503536794863,4,4_4_4_59_4,0,True
52,0.015811580151964405,17,17_27_17_62_17,0,True
53,0.02068438491842527,1,1_15_1_43_1,0,True
54,0.008202723154997206,5,5_32_5_73_5,0,True
55,0.0052648631974785585,3,3_48_3_73_3,0,True
56,0.04576297392835813,15,15_1_15_61_15,0,True
57,0.0074506850820389835,10,10_8_10_69_10,0,True
58,0.0464728444975039,15,15_4_15_68_15,0,True
59,0.019563552950403202,5,5_13_5_38_5,0,True
60,0.033118119707110275,11,11_23_11_61_11,0,True
61,0.022263512463959755,17,17_3_17_49_17,0,True
62,0.019230457357096702,18,18_21_18_66_18,0,True
63,0.0309918834880896,8,8_4_8_30_8,0,True
64,0.009528011183324511,3,3_27_3_76_3,0,True
65,0.04728647550391462,17,17_55_17_70_17,0,True
66,0.005718508994111296,12,12_31_12_59_12,0,True
67,0.023808615239539116,19,19_14_19_62_19,0,True
68,0.015177012947217832,10,10_0_10_44_10,0,True
69,0.020635136435339246,10,10_22_10_53_10,0,True
70,0.011059702256499753,4,4_38_4_77_4,0,True
71,0.036391158957881066,10,10_10_10_49_10,0,True
72,0.025673065092820104,8,8_37_8_61_8,0,True
73,0.0342775906670317,18,18_1_18_28_18,0,True
74,0.025324644321243383,14,14_8_14_50_14,0,True
75,0.019732752080758892,19,19_9_19_57_19,0,True
76,0.013752365308397903,5,5_33_5_44_5,0,True
77,0.017936544851178304,10,10_3_10_24_10,0,True
78,0.0395608196779924,15,15_33_15_66_15,0,True
79,0.009794121937661741,4,4_21_4_44_4,0,True
80,0.058535979890802656,8,8_60_8_70_8,0,True
81,0.007076952662426336,16,16_28_16_62_16,0,True
82,0.00868609569499735,5,5_47_5_65_5,0,True
83,0.01781175272525854,7,7_14_7_29_7,0,True
84,0.024228161431598266,14,14_32_14_61_14,0,True
85,0.009650870562702146,21,21_26_21_69_21,0,True
86,0.003405126720876208,13,13_0_13_19_13,0,True
87,0.005549087141175532,9,9_15_9_33_9,0,True
88,0.012018644419401064,21,21_6_21_45_21,0,True
89,0.0169539245012308,11,11_51_11_76_11,0,True
90,0.025370783211514904,15,15_41_15_65_15,0,True
91,0.022134948794225905,18,18_32_18_79_18,0,True
92,0.00567758317840063,2,2_31_2_71_2,0,True
93,0.003527080757339826,14,14_47_14_74_14,0,True
94,0.005901192565696533,12,12_13_12_55_12,0,True
95,0.004290163452409843,2,2_22_2_52_2,0,True
96,0.046599480062290234,18,18_45_18_56_18,0,True
97,0.04120494592542234,11,11_30_11_77_11,0,True
98,0.035725803826884395,10,10_32_10_57_10,0,True
99,0.0026077400880074025,13,13_21_13_52_13,0,True
100,0.007641506734812829,2,2_5_2_51_2,0,True
101,0.7078444645104142,7,7_17_7_75_7,0,True
102,0.0326835152824562,15,15_17_15_36_15,0,True
103,0.01966744244380094,7,7_5_7_21_7,0,True
104,0.013235272043651247,1,1_17_1_60_1,0,True
105,0.015282438644372585,1,1_51_1_72_1,0,True
106,0.01670306469906477,10,10_15_10_38_10,0,True
107,0.06555903579721528,17,17_8_17_51_17,0,True
108,0.006837942159698417,12,12_28_12_56_12,0,True
109,0.02711523980778054,14,14_24_14_78_14,0,True
110,0.021274167336147308,9,9_0_9_21_9,0,True
111,0.05505602757601629,8,8_26_8_57_8,0,True
112,0.021924990148758445,7,7_0_7_28_7,0,True
113,0.0028521868510454564,13,13_2_13_13_13,0,True
114,0.016740477036048643,13,13_30_13_56_13,0,True
115,0.009107056987646476,3,3_3_3_20_3,0,True
116,0.016856666208606007,15,15_57_15_74_15,0,True
117,0.003237803312511495,13,13_34_13_79_13,0,True
118,0.04815351884867516,7,7_38_7_56_7,0,True
119,0.004773907387965315,21,21_53_21_75_21,0,True
120,0.02474353742179542,6,6_20_6_63_6,0,True
121,0.02191397339552271,14,14_19_14_61_14,0,True
122,0.05799230870829575,17,17_53_17_71_17,0,True
123,0.005999132021211735,3,3_21_3_51_3,0,True
124,0.03418805943024952,14,14_6_14_60_14,0,True
125,0.012979844745122066,3,3_42_3_65_3,0,True
126,0.03278413479843507,18,18_23_18_84_18,0,True
127,0.03606630038826923,19,19_34_19_72_19,0,True
128,0.017883766421141954,6,6_12_6_79_6,0,True
129,0.029215069068224235,19,19_34_19_70_19,0,True
130,0.031138033792521256,8,8_9_8_61_8,0,True
131,0.030782319640134653,1,1_19_1_67_1,0,True
132,0.007109153676612632,7,7_12_7_26_7,0,True
133,0.026311802986387283,15,15_1_15_76_15,0,True
134,0.02082697199272587,17,17_46_17_61_17,0,True
135,0.10539862599953781,8,8_29_8_74_8,0,True
136,0.08559258129296098,4,4_31_4_63_4,0,True
137,0.010285617019321364,12,12_7_12_37_12,0,True
138,0.017277047119139095,14,14_18_14_77_14,0,True
139,0.014800950830549829,21,21_9_21_63_21,0,True
140,0.008715490558064,5,5_19_5_33_5,0,True
141,0.019114071960940077,6,6_33_6_75_6,0,True
142,0.006985944279763796,13,13_43_13_75_13,0,True
143,0.01781044558939915,15,15_8_15_37_15,0,True
144,0.07026696048757651,11,11_33_11_78_11,0,True
145,0.03446874125079036,18,18_21_18_84_18,0,True
146,0.004937619745504561,17,17_0_17_25_17,0,True
147,0.01145433963822367,20,20_47_20_66_20,0,True
148,0.08063808299724251,16,16_23_16_42_16,0,True
149,0.028246884105430244,14,14_18_14_52_14,0,True
150,0.028830659179963632,10,10_56_10_72_10,0,True
151,0.013375675823020294,4,4_30_4_43_4,0,True
152,0.005046879443534426,13,13_16_13_54_13,0,True
153,0.026120228991169288,3,3_44_3_55_3,0,True
154,0.04082810765674486,3,3_21_3_66_3,0,True
155,0.015572876895460372,12,12_41_12_52_12,0,True
156,0.01784875355757974,2,2_49_2_70_2,0,True
157,0.012271370917214343,21,21_46_21_78_21,0,True
158,0.02431623398822852,6,6_2_6_54_6,0,True
159,0.05735070596751927,8,8_45_8_60_8,0,True
160,0.026907529698447518,11,11_25_11_67_11,0,True
161,0.06616303775879932,11,11_43_11_64_11,0,True
162,0.006589696392055824,1,1_17_1_57_1,0,True
163,0.016368827223116212,15,15_9_15_46_15,0,True
164,0.02149503491413034,18,18_41_18_80_18,0,True
165,0.01771500064434439,21,21_7_21_33_21,0,True
166,0.05408998365662899,21,21_1_21_52_21,0,True
167,0.012421729284179617,12,12_3_12_61_12,0,True
168,0.02038018556213543,18,18_20_18_57_18,0,True
169,0.023514108815279895,17,17_6_17_53_17,0,True
170,0.020713257141147332,5,5_44_5_62_5,0,True
171,0.029819257016524315,19,19_14_19_60_19,0,True
172,0.005410449170084745,12,12_32_12_64_12,0,True
173,0.1236496889574856,11,11_21_11_65_11,0,True
174,0.025968541433040376,3,3_37_3_61_3,0,True
175,0.010354927372201677,5,5_7_5_78_5,0,True
176,0.030656170160222367,1,1_25_1_62_1,0,True
177,0.028790042410656205,14,14_54_14_78_14,0,True
178,0.003860534295514744,10,10_8_10_19_10,0,True
179,0.01365301744081903,20,20_48_20_66_20,0,True
180,0.012848251476966627,3,3_20_3_34_3,0,True
181,0.018363151556770492,11,11_4_11_28_11,0,True
182,0.033162063120372134,8,8_25_8_64_8,0,True
183,0.022632524001298997,19,19_56_19_74_19,0,True
184,0.008339638046477277,20,20_51_20_68_20,0,True
185,0.014909031832381622,6,6_22_6_37_6,0,True
186,0.006883976462850579,8,8_47_8_78_8,0,True
187,0.02950183577143846,15,15_34_15_65_15,0,True
188,0.008308699184635827,20,20_33_20_52_20,0,True
189,0.02958292359890685,8,8_24_8_79_8,0,True
190,0.019683652529261644,6,6_48_6_62_6,0,True
191,0.13249743316426174,11,11_23_11_45_11,0,True
192,0.01158565132566588,20,20_49_20_62_20,0,True
193,0.024227137093502327,19,19_17_19_55_19,0,True
194,0.005960681921800784,13,13_33_13_58_13,0,True
195,0.012211939461922665,18,18_40_18_83_18,0,True
196,0.02688632081742764,10,10_51_10_61_10,0,True
197,0.9333169421495825,2,2_0_2_39_2,0,True
198,0.012066661602458431,11,11_51_11_67_11,0,True
199,0.026790610058368292,19,19_41_19_62_19,0,True
200,0.039107165815191705,3,3_42_3_58_3,0,True
201,0.011813633170907676,20,20_47_20_76_20,0,True
202,0.016222643967597837,1,1_5_1_16_1,0,True
203,0.012544400592388334,20,20_24_20_77_20,0,True
204,0.017173179735277214,7,7_11_7_54_7,0,True
205,0.014303539187666366,2,2_17_2_28_2,0,True
206,0.0048273629153007,13,13_0_13_10_13,0,True
207,0.05029875927191682,18,18_6_18_25_18,0,True
208,0.01341686180192968,9,9_50_9_79_9,0,True
209,0.01597725387437803,19,19_23_19_46_19,0,True
210,0.023034255806829516,18,18_56_18_76_18,0,True
211,0.0395157554421869,1,1_36_1_47_1,0,True
212,0.03131135191758089,19,19_38_19_73_19,0,True
213,0.539811489972656,21,21_10_21_57_21,0,True
214,0.012901415356118598,17,17_3_17_42_17,0,True
215,0.01226494146876943,6,6_13_6_37_6,0,True
216,0.06910481107070299,11,11_1_11_42_11,0,True
217,0.003973777074268419,13,13_23_13_52_13,0,True
218,0.028150062857567413,6,6_34_6_47_6,0,True
219,0.008014635126378993,11,11_56_11_71_11,0,True
220,0.02510819150474217,11,11_25_11_53_11,0,True
221,0.01701569374355339,9,9_27_9_47_9,0,True
222,0.009809001972795777,8,8_47_8_74_8,0,True
223,0.007426983725305197,18,18_43_18_62_18,0,True
224,0.028160608938635395,14,14_5_14_22_14,0,True
225,0.6558958221601425,21,21_14_21_66_21,0,True
226,0.010863005293724703,2,2_19_2_49_2,0,True
227,0.613546215214846,21,21_10_21_59_21,0,True
228,0.008133813226830688,5,5_23_5_34_5,0,True
229,0.005955508670514737,13,13_8_13_18_13,0,True
230,0.010643455480892954,16,16_1_16_25_16,0,True
231,0.001838822153589536,13,13_50_13_60_13,0,True
232,0.008612377237435513,7,7_35_7_63_7,0,True
233,0.007963320356523397,7,7_48_7_71_7,0,True
234,0.04683319804390218,15,15_8_15_27_15,0,True
235,0.024452665559274597,15,15_25_15_53_15,0,True
236,0.018664051267542964,16,16_28_16_78_16,0,True
237,0.011335473461456719,21,21_29_21_69_21,0,True
238,0.010498914702456156,13,13_12_13_54_13,0,True
239,0.0231054707247503,6,6_28_6_57_6,0,True
240,0.004053587914081701,3,3_12_3_34_3,0,True
241,0.0018494158771545646,18,18_51_18_74_18,0,True
242,0.03268251158214636,19,19_9_19_39_19,0,True
243,0.05915086692855297,8,8_46_8_57_8,0,True
244,0.016390222349443234,15,15_48_15_60_15,0,True
245,0.024810353163039457,14,14_54_14_70_14,0,True
246,0.036077289330700237,9,9_17_9_35_9,0,True
247,0.021387949381420687,7,7_4_7_41_7,0,True
248,0.1068454350174595,11,11_23_11_70_11,0,True
249,0.02025332288579356,12,12_30_12_76_12,0,True
250,0.012526955984149537,9,9_12_9_57_9,0,True
251,0.012854724410361357,1,1_29_1_65_1,0,True
252,0.08584139203047925,11,11_31_11_66_11,0,True
253,0.011175000269558467,1,1_0_1_78_1,0,True
254,0.014798033471740123,20,20_15_20_54_20,0,True
255,0.0032834595552853484,13,13_19_13_62_13,0,True
256,0.01709925966420465,14,14_52_14_70_14,0,True
257,0.017668670560394197,18,18_64_18_76_18,0,True
258,0.014789473639328183,6,6_46_6_63_6,0,True
259,0.011685791367737584,1,1_15_1_75_1,0,True
260,0.004662673226282642,10,10_16_10_55_10,0,True
261,0.02332486175924177,14,14_6_14_72_14,0,True
262,0.013281930982027824,21,21_66_21_77_21,0,True
263,0.2568326435629975,11,11_24_11_40_11,0,True
264,0.022098063802453036,17,17_23_17_43_17,0,True
265,0.01814710637179375,14,14_34_14_79_14,0,True
266,0.020997121267848265,18,18_23_18_60_18,0,True
267,0.03594588944817794,14,14_31_14_60_14,0,True
268,0.007337813300274379,12,12_25_12_61_12,0,True
269,0.030583945567645168,16,16_30_16_42_16,0,True
270,0.03598191881884589,11,11_1_11_19_11,0,True
271,0.012553886155198675,4,4_2_4_51_4,0,True
272,0.009375698032848084,21,21_6_21_35_21,0,True
273,0.02206998020120054,10,10_52_10_76_10,0,True
274,0.010488466813016248,11,11_55_11_78_11,0,True
275,0.007150899218904288,18,18_22_18_74_18,0,True
276,0.02093505214359341,10,10_13_10_51_10,0,True
277,0.05821607324216702,8,8_0_8_47_8,0,True
278,0.0087828968842065,20,20_46_20_64_20,0,True
279,0.015192681820637122,14,14_19_14_53_14,0,True
280,0.0025295572783739276,13,13_50_13_74_13,0,True
281,0.011770865547658537,21,21_56_21_70_21,0,True
282,0.006832864469224651,4,4_31_4_43_4,0,True
283,0.01004674683363102,3,3_13_3_78_3,0,True
284,0.0514433817894088,13,13_31_13_55_13,0,True
285,0.015994702147995477,5,5_42_5_68_5,0,True
286,0.010119759256809358,5,5_19_5_44_5,0,True
287,0.015834804134378894,20,20_21_20_70_20,0,True
288,0.012361029249831854,18,18_13_18_74_18,0,True
289,0.012248375092968125,17,17_33_17_44_17,0,True
290,0.002036247742347264,12,12_51_12_69_12,0,True
291,0.033472178018149876,20,20_17_20_35_20,0,True
292,0.004561936725565457,9,9_11_9_35_9,0,True
293,0.015625017429075624,16,16_14_16_33_16,0,True
294,0.017760950592999262,2,2_11_2_24_2,0,True
295,0.018880536831520245,1,1_2_1_60_1,0,True
296,0.016937644182436006,11,11_29_11_68_11,0,True
297,0.0071813088425797264,16,16_46_16_64_16,0,True
298,0.02199259839555647,9,9_11_9_59_9,0,True
299,0.043583102430964304,11,11_0_11_18_11,0,True
300,0.008312478026840247,18,18_12_18_73_18,0,True
301,0.07454859859764011,11,11_31_11_47_11,0,True
302,0.007199107816677992,21,21_54_21_76_21,0,True
303,0.011370719026738831,4,4_65_4_76_4,0,True
304,0.008027789134164758,10,10_6_10_57_10,0,True
305,0.014288902713769968,11,11_63_11_73_11,0,True
306,0.00529552960581207,1,1_34_1_54_1,0,True
307,0.0069234022256848046,12,12_3_12_25_12,0,True
308,0.02144440683018228,10,10_22_10_49_10,0,True
309,0.004023528761394043,1,1_32_1_61_1,0,True
310,0.013148380746058485,3,3_29_3_42_3,0,True
311,0.018277565500682966,5,5_51_5_65_5,0,True
312,0.008112844537744059,4,4_22_4_40_4,0,True
313,0.0022486669024039565,12,12_0_12_13_12,0,True
314,0.03327804880494898,2,2_28_2_48_2,0,True
315,0.009033642059604196,13,13_13_13_52_13,0,True
316,0.017221311043352207,21,21_26_21_60_21,0,True
317,0.013565879497808027,12,12_2_12_46_12,0,True
318,0.00497011910892385,13,13_4_13_54_13,0,True
319,0.034432366967631564,19,19_10_19_60_19,0,True
320,0.02485860397206175,8,8_31_8_45_8,0,True
321,0.040837361674818315,8,8_42_8_62_8,0,True
322,0.04892591245478143,19,19_0_19_50_19,0,True
323,0.023663309008109208,1,1_6_1_19_1,0,True
324,0.010934432220024442,21,21_5_21_46_21,0,True
325,0.01756085044492819,7,7_22_7_70_7,0,True
326,0.013972639858331514,16,16_2_16_22_16,0,True
327,0.03351349096901173,14,14_36_14_69_14,0,True
328,0.03684206184759721,10,10_14_10_61_10,0,True
329,0.02319698290146989,6,6_26_6_58_6,0,True
330,0.015433257002636733,16,16_20_16_64_16,0,True
331,0.010177947139179393,1,1_51_1_79_1,0,True
332,0.006587577304002611,13,13_28_13_50_13,0,True
333,0.0174427252133711,10,10_4_10_73_10,0,True
334,0.018670623063667298,16,16_22_16_39_16,0,True
335,0.1916388135841818,11,11_14_11_61_11,0,True
336,0.009674510718751278,4,4_44_4_71_4,0,True
337,0.057996651868187234,15,15_0_15_42_15,0,True
338,0.012153640007038584,19,19_10_19_67_19,0,True
339,0.0032482308490021468,16,16_62_16_73_16,0,True
340,0.012272523496146593,4,4_3_4_56_4,0,True
341,0.017901459491494607,8,8_47_8_76_8,0,True
342,0.0040827870804134815,12,12_7_12_74_12,0,True
343,0.024511771955613368,10,10_2_10_72_10,0,True
344,0.02495940892724842,18,18_24_18_81_18,0,True
345,0.019041473775801183,2,2_13_2_54_2,0,True
346,0.013929734849609415,2,2_59_2_69_2,0,True
347,0.019985552017007018,15,15_44_15_69_15,0,True
348,0.007639727126565463,5,5_15_5_31_5,0,True
349,0.024847174680975363,14,14_17_14_52_14,0,True
350,0.08449939512068252,15,15_26_15_54_15,0,True
351,0.006051747367787756,12,12_33_12_55_12,0,True
352,0.008532645571811397,9,9_13_9_63_9,0,True
353,0.009293653481581043,7,7_4_7_42_7,0,True
354,0.04456521077586168,8,8_6_8_62_8,0,True
355,0.04881233734987969,20,20_45_20_63_20,0,True
356,0.014863124648492874,19,19_18_19_66_19,0,True
357,0.014620229848727177,7,7_4_7_17_7,0,True
358,0.01997722862576211,12,12_2_12_30_12,0,True
359,0.030432740138808784,19,19_8_19_65_19,0,True
360,0.020301224128635238,3,3_30_3_43_3,0,True
361,0.03405295031659115,15,15_5_15_23_15,0,True
362,0.01948293815102683,1,1_43_1_71_1,0,True
363,0.07807599317182756,11,11_2_11_23_11,0,True
364,0.01733608883031183,7,7_19_7_29_7,0,True
365,0.008934604765830223,2,2_28_2_72_2,0,True
366,0.06925095096054959,4,4_7_4_26_4,0,True
367,0.006894430889052241,2,2_4_2_24_2,0,True
368,0.03506373927984046,8,8_30_8_77_8,0,True
369,0.016448848061760786,14,14_32_14_79_14,0,True
370,0.027597160870882865,10,10_5_10_71_10,0,True
371,0.02768025429568479,19,19_34_19_54_19,0,True
372,0.028539776619553852,19,19_7_19_17_19,0,True
373,0.05023192243424277,11,11_13_11_52_11,0,True
374,0.012345771945485862,6,6_8_6_63_6,0,True
375,0.005719129673557795,12,12_25_12_46_12,0,True
376,0.009270264472537036,3,3_63_3_78_3,0,True
377,0.019216229765640656,7,7_3_7_16_7,0,True
378,0.01801826081806056,10,10_17_10_70_10,0,True
379,0.020674363402524095,16,16_1_16_47_16,0,True
380,0.02353990806857747,14,14_67_14_84_14,0,True
381,0.1805059893182502,10,10_40_10_52_10,0,True
382,0.008404017488249668,5,5_5_5_78_5,0,True
383,0.009125433766396934,20,20_32_20_51_20,0,True
384,0.0032975031291383123,3,3_53_3_74_3,0,True
385,0.0025767029348877997,18,18_53_18_71_18,0,True
386,0.02220392741257686,11,11_30_11_49_11,0,True
387,0.04929192044999004,1,1_5_1_47_1,0,True
388,0.02047807844981136,7,7_28_7_41_7,0,True
389,0.018958319839848217,9,9_20_9_74_9,0,True
390,0.014678065977609034,2,2_38_2_67_2,0,True
391,0.03635009913313932,4,4_25_4_63_4,0,True
392,0.010179687032525558,10,10_27_10_38_10,0,True
393,0.018130340695520653,11,11_20_11_56_11,0,True
394,0.006002082014392071,7,7_26_7_72_7,0,True
395,0.010550582761087652,20,20_21_20_69_20,0,True
396,0.014380495546567656,18,18_22_18_55_18,0,True
397,0.1312106835150978,3,3_30_3_74_3,0,True
398,0.007569364020072902,12,12_50_12_64_12,0,True
399,0.02229728961523753,19,19_5_19_58_19,0,True
400,0.008422365868284596,12,12_43_12_66_12,0,True
401,0.06444089943592535,9,9_31_9_66_9,0,True
402,0.009755469480393136,4,4_8_4_23_4,0,True
403,0.008020219979337611,3,3_24_3_79_3,0,True
404,0.014212922157827922,14,14_15_14_46_14,0,True
405,0.012896085848743794,3,3_56_3_72_3,0,True
406,0.021754116473427853,1,1_25_1_42_1,0,True
407,0.02574045659852523,18,18_22_18_41_18,0,True
408,0.019750183019360268,19,19_13_19_24_19,0,True
409,0.01329027098508389,21,21_5_21_75_21,0,True
410,0.030862530464930475,3,3_25_3_48_3,0,True
411,0.0396500917013795,2,2_58_2_68_2,0,True
412,0.008355619964505285,5,5_2_5_13_5,0,True
413,0.008322688586424511,4,4_13_4_67_4,0,True
414,0.018705164116178848,8,8_38_8_55_8,0,True
415,0.009343579424450632,13,13_25_13_69_13,0,True
416,0.05787802219873823,4,4_27_4_60_4,0,True
417,0.0211383009317839,3,3_20_3_42_3,0,True
418,0.008190280720614571,8,8_43_8_57_8,0,True
419,0.00925831207402753,7,7_0_7_14_7,0,True
420,0.11744754758301515,8,8_41_8_60_8,0,True
421,0.03483292298731598,8,8_24_8_78_8,0,True
422,0.008839239247837036,18,18_27_18_69_18,0,True
423,0.011045124105594488,18,18_47_18_81_18,0,True
424,0.022276097752652307,1,1_3_1_14_1,0,True
425,0.023365482288374293,21,21_6_21_60_21,0,True
426,0.2255544439973297,7,7_45_7_74_7,0,True
427,0.012984469759344532,21,21_8_21_50_21,0,True
428,0.013072932619644642,1,1_19_1_75_1,0,True
429,0.022492183188680917,18,18_16_18_26_18,0,True
430,0.05345841943336218,19,19_30_19_72_19,0,True
431,0.02130454552102522,10,10_55_10_72_10,0,True
432,0.008246607805212086,3,3_24_3_76_3,0,True
433,0.029266207735580765,14,14_32_14_76_14,0,True
434,0.05379744118245907,18,18_30_18_70_18,0,True
435,0.014651181050280194,2,2_27_2_44_2,0,True
436,0.011139459033210754,21,21_7_21_43_21,0,True
437,0.0129973932655415,3,3_37_3_51_3,0,True
438,0.010063447007607708,12,12_8_12_37_12,0,True
439,0.010133293294942315,3,3_32_3_60_3,0,True
440,0.06733168157543198,16,16_20_16_37_16,0,True
441,0.0237515046493712,2,2_14_2_62_2,0,True
442,0.03617074967485032,11,11_18_11_72_11,0,True
443,0.012164811632125285,18,18_61_18_82_18,0,True
444,0.02167493794164055,8,8_23_8_65_8,0,True
445,0.02198563300602571,1,1_26_1_69_1,0,True
446,0.003505782291235947,10,10_2_10_22_10,0,True
447,0.004395681480620886,4,4_5_4_44_4,0,True
448,0.0035493505680935203,2,2_41_2_73_2,0,True
449,0.040588971122841155,7,7_27_7_38_7,0,True
450,0.021487509660402974,17,17_6_17_57_17,0,True
451,0.02481692562345637,15,15_59_15_76_15,0,True
452,0.013544118084874393,16,16_46_16_73_16,0,True
453,0.015372992788453154,18,18_31_18_59_18,0,True
454,0.034939867420558206,15,15_7_15_67_15,0,True
455,0.0659201141623798,18,18_24_18_49_18,0,True
456,0.02541204490870453,18,18_31_18_78_18,0,True
457,0.00759490756214758,12,12_11_12_58_12,0,True
458,0.027836200457361363,11,11_25_11_47_11,0,True
459,0.017234501716231976,8,8_4_8_39_8,0,True
460,0.6481974460165312,21,21_11_21_66_21,0,True
461,0.01798713182588286,21,21_5_21_38_21,0,True
462,0.0027149987677596086,10,10_5_10_55_10,0,True
463,0.013810102746772137,1,1_19_1_78_1,0,True
464,0.022855555261758496,16,16_6_16_45_16,0,True
465,0.02868171680577207,9,9_41_9_68_9,0,True
466,0.003993041727339733,13,13_22_13_61_13,0,True
467,0.009862880373897685,8,8_49_8_70_8,0,True
468,0.014502010705002252,4,4_35_4_63_4,0,True
469,0.02167238284764363,18,18_31_18_46_18,0,True
470,0.012170308293315942,21,21_5_21_48_21,0,True
471,0.7263258270975765,16,16_0_16_38_16,0,True
472,0.009394590280833882,3,3_38_3_53_3,0,True
473,0.020947603162823708,18,18_56_18_83_18,0,True
474,0.008918657088685831,6,6_13_6_26_6,0,True
475,0.010436714786891333,18,18_28_18_44_18,0,True
476,0.0063859599714978805,13,13_45_13_57_13,0,True
477,0.006867777554100994,21,21_7_21_71_21,0,True
478,0.04450480495521876,7,7_23_7_48_7,0,True
479,0.018515848533527484,14,14_51_14_62_14,0,True
480,0.02731753230810602,9,9_43_9_68_9,0,True
481,0.009431002819843272,18,18_49_18_77_18,0,True
482,0.024037722901427475,2,2_14_2_65_2,0,True
483,0.024437977327684275,7,7_18_7_68_7,0,True
484,0.024946363792192068,19,19_36_19_53_19,0,True
485,0.013790222912128603,18,18_44_18_76_18,0,True
486,0.019385340030659667,6,6_27_6_77_6,0,True
487,0.0170607332800204,17,17_8_17_65_17,0,True
488,0.03968301357985015,9,9_19_9_57_9,0,True
489,0.008668111363678878,20,20_34_20_51_20,0,True
490,0.010928651603240759,3,3_10_3_48_3,0,True
491,0.09604578838451236,8,8_25_8_45_8,0,True
492,0.005549877463712403,12,12_44_12_68_12,0,True
493,0.029615104838650985,19,19_38_19_58_19,0,True
494,0.011819329732650409,16,16_45_16_74_16,0,True
495,0.04636033790295237,11,11_11_11_44_11,0,True
496,0.03262965116254342,14,14_40_14_58_14,0,True
497,0.002361223340151195,13,13_23_13_64_13,0,True
498,0.02790154696441078,7,7_29_7_76_7,0,True
499,0.035500168212167865,10,10_17_10_50_10,0,True
500,0.017782562117601777,13,13_34_13_68_13,0,True
501,0.00797792033682979,13,13_14_13_50_13,0,True
502,0.007298522631058659,12,12_16_12_38_12,0,True
503,0.03219987236035814,11,11_22_11_77_11,0,True
504,0.01409308518996016,8,8_34_8_50_8,0,True
505,0.03614316043446171,10,10_10_10_79_10,0,True
506,0.009926013024808545,4,4_43_4_71_4,0,True
507,0.008499543057535478,10,10_18_10_65_10,0,True
508,0.011615440895923094,4,4_34_4_55_4,0,True
509,0.01912618191647832,3,3_28_3_74_3,0,True
510,0.004325464696913678,21,21_53_21_78_21,0,True
511,0.002819053144407368,1,1_30_1_54_1,0,True
512,0.06984684122532815,8,8_0_8_28_8,0,True
513,0.013285002350769268,4,4_10_4_66_4,0,True
514,0.01610955282647495,3,3_48_3_77_3,0,True
515,0.012443197094165921,2,2_22_2_62_2,0,True
516,0.02777254055932223,9,9_3_9_21_9,0,True
517,0.030399638610203332,1,1_40_1_76_1,0,True
518,0.09105206310789503,11,11_20_11_75_11,0,True
519,0.021969084425266915,14,14_58_14_82_14,0,True
520,0.009049169823332379,12,12_23_12_37_12,0,True
521,0.024812418948193218,8,8_2_8_39_8,0,True
522,0.02711544440044525,2,2_55_2_65_2,0,True
523,0.0299735190675529,7,7_6_7_77_7,0,True
524,0.03638626176206065,14,14_30_14_50_14,0,True
525,0.007375926410958941,5,5_34_5_55_5,0,True
526,0.06356219262688721,7,7_62_7_73_7,0,True
527,0.007168645489531725,3,3_29_3_76_3,0,True
528,0.016334124961576175,6,6_3_6_43_6,0,True
529,0.007534201889364049,9,9_52_9_74_9,0,True
530,0.07231750165582868,11,11_33_11_48_11,0,True
531,0.0247032445257331,19,19_33_19_70_19,0,True
532,0.02323843319968228,11,11_20_11_72_11,0,True
533,0.016056599969081962,6,6_11_6_77_6,0,True
534,0.01384706298895965,9,9_0_9_60_9,0,True
535,0.024187657710697308,19,19_18_19_57_19,0,True
536,0.0310839530991182,11,11_18_11_47_11,0,True
537,0.009646385697609776,17,17_45_17_73_17,0,True
538,0.01610432252149835,14,14_63_14_77_14,0,True
539,0.014489916138532906,4,4_9_4_24_4,0,True
540,0.11538401579894202,8,8_37_8_79_8,0,True
541,0.004674449965372438,9,9_6_9_49_9,0,True
542,0.018356056452965692,6,6_6_6_65_6,0,True
543,0.0337187895629509,11,11_32_11_63_11,0,True
544,0.02377910681426249,20,20_10_20_23_20,0,True
545,0.03776639182348289,8,8_56_8_70_8,0,True
546,0.037076291223188285,18,18_34_18_81_18,0,True
547,0.04309106397437739,1,1_55_1_77_1,0,True
548,0.025436751402871518,14,14_57_14_83_14,0,True
549,0.018175788791170926,12,12_19_12_43_12,0,True
550,0.032483746630415075,14,14_5_14_21_14,0,True
551,0.013636816094308916,12,12_41_12_79_12,0,True
552,0.031609034004668565,18,18_20_18_40_18,0,True
553,0.01239933860278652,7,7_0_7_42_7,0,True
554,0.03419748664912892,10,10_6_10_76_10,0,True
555,0.013732564831325239,4,4_35_4_78_4,0,True
556,0.015658946598248683,18,18_53_18_82_18,0,True
557,0.023977010968905095,6,6_34_6_79_6,0,True
558,0.005171546017110203,9,9_18_9_33_9,0,True
559,0.0254181367574205,21,21_7_21_41_21,0,True
560,0.006090163714660565,1,1_43_1_79_1,0,True
561,0.010532614557173114,16,16_8_16_48_16,0,True
562,0.13778246140291237,11,11_23_11_79_11,0,True
563,0.044651571096485154,15,15_16_15_27_15,0,True
564,0.03435067295833087,15,15_16_15_42_15,0,True
565,0.020228355317725405,19,19_19_19_31_19,0,True
566,0.021495757928125175,6,6_15_6_46_6,0,True
567,0.020571608168877473,6,6_19_6_46_6,0,True
568,0.16959328261683448,21,21_7_21_34_21,0,True
569,0.024993594864079628,6,6_10_6_59_6,0,True
570,0.07796386530482512,11,11_50_11_63_11,0,True
571,0.013128214313878233,7,7_3_7_68_7,0,True
572,0.04102161165363846,10,10_1_10_44_10,0,True
573,0.05189932145932273,17,17_54_17_67_17,0,True
574,0.01814004586540388,19,19_2_19_25_19,0,True
575,0.04130506723405507,15,15_8_15_24_15,0,True
576,0.22965715437111295,11,11_24_11_75_11,0,True
577,0.019501691374223494,17,17_26_17_70_17,0,True
578,0.020219957377159464,10,10_57_10_71_10,0,True
579,0.023707186412059943,5,5_0_5_37_5,0,True
580,0.016762965704871617,1,1_31_1_70_1,0,True
581,0.0319744144611138,14,14_33_14_54_14,0,True
582,0.01739509993112116,4,4_50_4_73_4,0,True
583,0.01715032141858239,18,18_1_18_29_18,0,True
584,0.026011165470337775,1,1_15_1_44_1,0,True
585,0.007706201162699761,2,2_26_2_44_2,0,True
586,0.02401733158473102,14,14_39_14_57_14,0,True
587,0.0292331656886807,19,19_44_19_64_19,0,True
588,0.020136257822451598,18,18_40_18_55_18,0,True
589,0.0190824142063013,19,19_10_19_31_19,0,True
590,0.026335460362148167,14,14_38_14_58_14,0,True
591,0.0201760479835367,18,18_70_18_83_18,0,True
592,0.027172221999049888,20,20_3_20_60_20,0,True
593,0.10037806221963502,8,8_10_8_27_8,0,True
594,0.016378023995827263,10,10_68_10_79_10,0,True
595,0.014586996079770853,6,6_58_6_78_6,0,True
596,0.020358221277954405,14,14_57_14_69_14,0,True
597,0.024353524815611885,8,8_6_8_57_8,0,True
598,0.03319230134074361,11,11_21_11_51_11,0,True
599,0.01442615470725318,11,11_1_11_74_11,0,True
600,0.009434475202713418,20,20_29_20_54_20,0,True
601,0.005926217837671999,5,5_61_5_71_5,0,True
602,0.022123071941691344,20,20_21_20_68_20,0,True
603,0.020829220673259267,15,15_22_15_50_15,0,True
604,0.00690587511543011,10,10_8_10_57_10,0,True
605,0.014525243938782326,2,2_5_2_23_2,0,True
606,0.009816237760638913,1,1_18_1_69_1,0,True
607,0.005657254012078072,13,13_38_13_55_13,0,True
608,0.03490317512909721,18,18_24_18_84_18,0,True
609,0.02310740798742847,16,16_0_16_23_16,0,True
610,0.04510383127535694,2,2_25_2_48_2,0,True
611,0.011046758074019947,19,19_11_19_69_19,0,True
612,0.011346207365822985,13,13_30_13_40_13,0,True
613,0.01838807436809727,6,6_9_6_69_6,0,True
614,0.009699567764818815,4,4_16_4_42_4,0,True
615,0.013190059835023965,6,6_13_6_45_6,0,True
616,0.006355962389622204,13,13_5_13_52_13,0,True
617,0.01985260751885297,14,14_15_14_62_14,0,True
618,0.011781922956154336,1,1_54_1_72_1,0,True
619,0.031031589688183196,3,3_20_3_61_3,0,True
620,0.005636500917873278,11,11_34_11_59_11,0,True
621,0.035263819553159916,8,8_27_8_57_8,0,True
622,0.016701246119096277,17,17_15_17_36_17,0,True
623,0.004037670219037165,4,4_29_4_56_4,0,True
624,0.028338632509240524,10,10_56_10_79_10,0,True
625,0.009806121745172825,6,6_5_6_67_6,0,True
626,0.01286231946670194,3,3_29_3_74_3,0,True
627,0.03753137851435754,20,20_24_20_57_20,0,True
628,0.02612647473211057,19,19_38_19_56_19,0,True
629,0.01072517561101409,3,3_10_3_44_3,0,True
630,0.0061240261549274574,12,12_25_12_57_12,0,True
631,0.05096314990702542,8,8_26_8_61_8,0,True
632,0.057581461121347675,4,4_31_4_51_4,0,True
633,0.030994016409861335,14,14_41_14_65_14,0,True
634,0.035660022981714765,15,15_15_15_25_15,0,True
635,0.03983364403671905,7,7_3_7_15_7,0,True
636,0.026093490934587547,19,19_39_19_51_19,0,True
637,0.021266211508287985,14,14_1_14_18_14,0,True
638,0.02637881061245886,9,9_2_9_64_9,0,True
639,0.0171445403744808,9,9_4_9_73_9,0,True
640,0.0026399985605227937,16,16_28_16_70_16,0,True
641,0.008247676672920215,7,7_9_7_76_7,0,True
642,0.030880912979871892,3,3_26_3_55_3,0,True
643,0.01999836223471086,6,6_64_6_77_6,0,True
644,0.12005945298769717,8,8_29_8_72_8,0,True
645,0.012998471149713106,18,18_23_18_77_18,0,True
646,0.023275345195664772,8,8_35_8_62_8,0,True
647,0.01766513600078953,21,21_29_21_70_21,0,True
648,0.016229810700156895,7,7_4_7_77_7,0,True
649,0.0076536580534880315,10,10_21_10_58_10,0,True
650,0.019451588272921965,14,14_20_14_33_14,0,True
651,0.0033003177046733354,13,13_27_13_76_13,0,True
652,0.1721991848801355,21,21_4_21_50_21,0,True
653,0.0065449267342385445,6,6_23_6_75_6,0,True
654,0.03557743738201622,14,14_17_14_50_14,0,True
655,0.01746921248940995,14,14_14_14_49_14,0,True
656,0.01887146154896862,9,9_40_9_61_9,0,True
657,0.006044653849424735,18,18_34_18_47_18,0,True
658,0.0019751696195246,18,18_53_18_74_18,0,True
659,0.015103850487032139,3,3_31_3_46_3,0,True
660,0.024693347179515098,18,18_40_18_65_18,0,True
661,0.007064363166291452,18,18_62_18_73_18,0,True
662,0.008913027644133304,10,10_22_10_56_10,0,True
663,0.11358330273070058,11,11_23_11_53_11,0,True
664,0.029222302715513487,8,8_43_8_64_8,0,True
665,0.015476174625978488,6,6_36_6_57_6,0,True
666,0.029771175372688363,14,14_5_14_78_14,0,True
667,0.004792153466419168,4,4_5_4_72_4,0,True
668,0.0062167932481975744,12,12_28_12_55_12,0,True
669,0.012504225482257108,5,5_42_5_67_5,0,True
670,0.0231265828136802,10,10_2_10_16_10,0,True
671,0.021057664914847618,6,6_29_6_79_6,0,True
672,0.018280727535481076,6,6_5_6_64_6,0,True
673,0.08336302210716545,8,8_27_8_56_8,0,True
674,0.001263037988763179,16,16_25_16_60_16,0,True
675,0.020654539224471264,19,19_31_19_50_19,0,True
676,0.013158255850446662,4,4_11_4_69_4,0,True
677,0.004442700930518517,10,10_19_10_67_10,0,True
678,0.013474891281556284,18,18_20_18_77_18,0,True
679,0.011443360027790476,16,16_2_16_64_16,0,True
680,0.015434513076449774,20,20_48_20_67_20,0,True
681,0.08220070272619141,4,4_11_4_27_4,0,True
682,0.006656691525061924,16,16_21_16_70_16,0,True
683,0.007981253806199526,4,4_43_4_53_4,0,True
684,0.01476568339147012,3,3_10_3_65_3,0,True
685,0.021359985116530728,2,2_13_2_65_2,0,True
686,0.01338731514356931,6,6_22_6_40_6,0,True
687,0.007934576968906537,10,10_26_10_41_10,0,True
688,0.029262477312860885,14,14_1_14_74_14,0,True
689,0.00731098614154682,5,5_32_5_42_5,0,True
690,0.023586311508026946,17,17_0_17_49_17,0,True
691,0.019736324028123826,21,21_2_21_53_21,0,True
692,0.04237917895449326,8,8_8_8_41_8,0,True
693,0.010753212297073095,4,4_7_4_75_4,0,True
694,0.01676368155070759,11,11_3_11_77_11,0,True
695,0.007377926829004765,2,2_3_2_23_2,0,True
696,0.011660176255478409,5,5_34_5_59_5,0,True
697,0.032414298519369555,10,10_54_10_65_10,0,True
698,0.030154241695117247,15,15_32_15_68_15,0,True
699,0.015157925549915716,9,9_16_9_62_9,0,True
700,0.08209358702163005,15,15_21_15_60_15,0,True
701,0.005124078682495162,11,11_41_11_76_11,0,True
702,0.011706456403132509,18,18_46_18_60_18,0,True
703,0.030921705870583658,4,4_12_4_77_4,0,True
704,0.45396766085572793,21,21_10_21_65_21,0,True
705,0.013734509522163348,11,11_34_11_77_11,0,True
706,0.013237964718811645,7,7_59_7_79_7,0,True
707,0.06593325103220904,8,8_41_8_63_8,0,True
708,0.029408415320116597,9,9_19_9_75_9,0,True
709,0.00956573424169853,16,16_26_16_72_16,0,True
710,0.011819114760112659,2,2_19_2_73_2,0,True
711,0.005926804399169969,1,1_1_1_33_1,0,True
712,0.017029076395493135,9,9_43_9_57_9,0,True
713,0.0045867278969239315,9,9_9_9_48_9,0,True
714,0.00802068609956454,15,15_3_15_15_15,0,True
715,0.0125094541906204,11,11_52_11_66_11,0,True
716,0.0021243692655886865,12,12_5_12_24_12,0,True
717,0.022782058274515345,19,19_3_19_47_19,0,True
718,0.02493758203324149,10,10_4_10_38_10,0,True
719,0.017486177731808737,3,3_7_3_46_3,0,True
720,0.0021860951802799115,13,13_29_13_78_13,0,True
721,0.007161150557808897,1,1_5_1_63_1,0,True
722,0.6866911132898422,21,21_13_21_65_21,0,True
723,0.017813310289748703,10,10_29_10_68_10,0,True
724,0.007837408985742901,9,9_36_9_61_9,0,True
725,0.028609447630169958,14,14_1_14_71_14,0,True
726,0.035169206013693416,14,14_45_14_79_14,0,True
727,0.023798823687679407,18,18_24_18_67_18,0,True
728,0.036028854893159684,19,19_30_19_71_19,0,True
729,0.005229231665243794,4,4_17_4_77_4,0,True
730,0.0060964300018325965,10,10_39_10_77_10,0,True
731,0.0047081803359621454,4,4_1_4_15_4,0,True
732,0.026266531549749332,14,14_37_14_80_14,0,True
733,0.01805911934357925,7,7_17_7_41_7,0,True
734,0.010549659865053535,4,4_0_4_66_4,0,True
735,0.019141177729114597,6,6_48_6_63_6,0,True
736,0.00953140474194395,12,12_4_12_33_12,0,True
737,0.008318669738007675,4,4_42_4_58_4,0,True
738,0.01688151863006235,4,4_6_4_58_4,0,True
739,0.021057920749778955,19,19_42_19_72_19,0,True
740,0.024931574485136186,14,14_8_14_73_14,0,True
741,0.00869782453923336,3,3_54_3_72_3,0,True
742,0.01752323880071825,11,11_28_11_60_11,0,True
743,0.01973065383647224,10,10_5_10_53_10,0,True
744,0.01611887954530475,20,20_1_20_64_20,0,True
745,0.037938155636381844,19,19_6_19_31_19,0,True
746,0.003065596070530534,13,13_12_13_22_13,0,True
747,0.022165237646557614,17,17_54_17_69_17,0,True
748,0.015053134476655693,4,4_47_4_69_4,0,True
749,0.03167978730796954,19,19_37_19_50_19,0,True
750,0.014265161682911372,14,14_48_14_76_14,0,True
751,0.0231020626151276,14,14_31_14_73_14,0,True
752,0.019647302914603218,17,17_60_17_71_17,0,True
753,0.015948769486073804,10,10_4_10_76_10,0,True
754,0.043374201045172214,7,7_63_7_73_7,0,True
755,0.0068612036988137904,9,9_9_9_49_9,0,True
756,0.002100876416984077,13,13_3_13_15_13,0,True
757,0.0036308378991313926,13,13_16_13_53_13,0,True
758,0.007055692636216318,3,3_43_3_76_3,0,True
759,0.007785070280630223,10,10_22_10_57_10,0,True
760,0.03535388956198052,14,14_8_14_26_14,0,True
761,0.03702064779551191,19,19_52_19_63_19,0,True
762,0.012424636238729797,18,18_21_18_61_18,0,True
763,0.014539199067702253,11,11_18_11_59_11,0,True
764,0.013693002137409423,21,21_33_21_52_21,0,True
765,0.011647223045267711,4,4_17_4_43_4,0,True
766,0.012102486830571677,3,3_38_3_67_3,0,True
767,0.016149752775752466,20,20_18_20_30_20,0,True
768,0.013274503607531601,12,12_49_12_67_12,0,True
769,0.041956383159256094,15,15_50_15_61_15,0,True
770,0.017754724959901387,7,7_18_7_40_7,0,True
771,0.06522822514802445,15,15_0_15_67_15,0,True
772,0.008265122369616424,10,10_19_10_63_10,0,True
773,0.013216825032803928,21,21_28_21_58_21,0,True
774,0.010333665403438178,2,2_16_2_42_2,0,True
775,0.0015129613451510268,20,20_47_20_57_20,0,True
776,0.007901303308469488,19,19_3_19_29_19,0,True
777,0.020283964942588734,6,6_36_6_56_6,0,True
778,0.039363809386899845,18,18_31_18_45_18,0,True
779,0.02573067802912015,14,14_9_14_51_14,0,True
780,0.015906523870628624,3,3_12_3_73_3,0,True
781,0.02898498148743588,15,15_18_15_51_15,0,True
782,0.0428244643384226,15,15_23_15_76_15,0,True
783,0.5947960901179641,7,7_62_7_75_7,0,True
784,0.010114596866908456,13,13_27_13_65_13,0,True
785,0.03559457497043686,15,15_12_15_28_15,0,True
786,0.07827194802790449,9,9_32_9_69_9,0,True
787,0.012078626403158287,3,3_9_3_29_3,0,True
788,0.02111363310359011,19,19_36_19_62_19,0,True
789,0.03848168963704214,7,7_13_7_68_7,0,True
790,0.007447576663996143,13,13_35_13_47_13,0,True
791,0.007939791090614403,10,10_29_10_43_10,0,True
792,0.013692137203243998,10,10_17_10_44_10,0,True
793,0.016365897194732835,20,20_20_20_66_20,0,True
794,0.8016119576582931,21,21_12_21_66_21,0,True
795,0.04566823063234108,18,18_31_18_71_18,0,True
796,0.008792757858198618,18,18_48_18_62_18,0,True
797,0.011680540959080788,1,1_38_1_57_1,0,True
798,0.022646461305792332,15,15_5_15_27_15,0,True
799,0.06377493715843295,11,11_24_11_48_11,0,True
800,0.004837491865535625,10,10_7_10_19_10,0,True
801,0.05459054910834579,15,15_0_15_74_15,0,True
802,0.026456287292819344,21,21_46_21_63_21,0,True
803,0.017528435342153783,1,1_16_1_28_1,0,True
804,0.005256661429806323,12,12_10_12_32_12,0,True
805,0.007380600724759232,3,3_7_3_66_3,0,True
806,0.010819761969087965,12,12_8_12_38_12,0,True
807,0.014982524155725723,7,7_0_7_68_7,0,True
808,0.028149301033235718,9,9_3_9_57_9,0,True
809,0.016241763909823466,6,6_62_6_77_6,0,True
810,0.008844585934461894,4,4_6_4_75_4,0,True
811,0.00518433197843362,15,15_33_15_46_15,0,True
812,0.006407472346409903,3,3_53_3_79_3,0,True
813,0.001978929269405421,17,17_8_17_33_17,0,True
814,0.005086514372307045,7,7_60_7_72_7,0,True
815,0.006387514905398481,21,21_52_21_76_21,0,True
816,0.0800423179862795,4,4_11_4_26_4,0,True
817,0.11241142510668109,11,11_42_11_57_11,0,True
818,0.004370649552083791,12,12_8_12_73_12,0,True
819,0.01079716691914745,3,3_34_3_57_3,0,True
820,0.01092626528590671,13,13_11_13_51_13,0,True
821,0.5187085574778701,7,7_24_7_45_7,0,True
822,0.16879487605881136,10,10_9_10_65_10,0,True
823,0.030824731816072416,14,14_39_14_66_14,0,True
824,0.016102113049182448,13,13_30_13_63_13,0,True
825,0.02768182452915139,7,7_18_7_51_7,0,True
826,0.016141656552705143,10,10_4_10_75_10,0,True
827,0.022150175622506933,21,21_26_21_55_21,0,True
828,0.010771237186020044,18,18_45_18_76_18,0,True
829,0.5712952324562715,21,21_10_21_67_21,0,True
830,0.015978868508479876,12,12_41_12_54_12,0,True
831,0.011511706960446224,18,18_0_18_29_18,0,True
832,0.01307140007127515,8,8_46_8_78_8,0,True
833,0.021009777610837117,9,9_44_9_71_9,0,True
834,0.9555837745467191,13,13_33_13_69_13,0,True
835,0.02663952983741316,14,14_39_14_56_14,0,True
836,0.03417075646627414,17,17_0_17_22_17,0,True
837,0.021003751865819025,1,1_8_1_64_1,0,True
838,0.0057223582591595,10,10_7_10_66_10,0,True
839,0.02566773928320405,21,21_33_21_43_21,0,True
840,0.02749563305976717,19,19_31_19_47_19,0,True
841,0.026416380993376877,11,11_60_11_77_11,0,True
842,0.7518665706638608,7,7_20_7_75_7,0,True
843,0.01779623831067673,6,6_0_6_50_6,0,True
844,0.01543307130294055,17,17_17_17_43_17,0,True
845,0.07866920400006867,8,8_36_8_79_8,0,True
846,0.019014435986311445,4,4_19_4_66_4,0,True
847,0.00598837559502568,18,18_26_18_63_18,0,True
848,0.012363472527965762,7,7_4_7_79_7,0,True
849,0.007103114389726674,4,4_8_4_75_4,0,True
850,0.015144812346799085,10,10_58_10_76_10,0,True
851,0.04158802400424616,14,14_55_14_83_14,0,True
852,0.013899558699428967,4,4_31_4_71_4,0,True
853,0.019571516571802384,11,11_3_11_16_11,0,True
854,0.01712220423824215,7,7_22_7_48_7,0,True
855,0.009539346880000164,21,21_27_21_68_21,0,True
856,0.004678580871661819,1,1_16_1_34_1,0,True
857,0.014119445560179848,14,14_61_14_76_14,0,True
858,0.03149863874330354,15,15_24_15_78_15,0,True
859,0.060705399197177275,17,17_5_17_71_17,0,True
860,0.03158882456313856,17,17_50_17_64_17,0,True
861,0.014344939364409786,11,11_34_11_58_11,0,True
862,0.06080726256144935,11,11_23_11_50_11,0,True
863,0.001359278274859871,13,13_47_13_77_13,0,True
864,0.012754754557484248,4,4_34_4_70_4,0,True
865,0.04414799502292974,9,9_24_9_50_9,0,True
866,0.011204908364284618,8,8_44_8_57_8,0,True
867,0.707539734899427,1,1_8_1_56_1,0,True
868,0.03708329876025931,8,8_30_8_46_8,0,True
869,0.09240562040223635,11,11_11_11_52_11,0,True
870,0.05641051615589544,8,8_0_8_13_8,0,True
871,0.00942607451039897,4,4_7_4_49_4,0,True
872,0.01986263653279735,15,15_44_15_77_15,0,True
873,0.008677518824026568,4,4_44_4_73_4,0,True
874,0.022021668985110765,15,15_43_15_59_15,0,True
875,0.009263701588028613,12,12_32_12_66_12,0,True
876,0.02453534585304214,1,1_42_1_67_1,0,True
877,0.0329401259524161,8,8_36_8_67_8,0,True
878,0.04745008302040041,10,10_35_10_62_10,0,True
879,0.012303705152504528,3,3_12_3_78_3,0,True
880,0.019236521813780636,13,13_67_13_77_13,0,True
881,0.0262271977318224,11,11_45_11_78_11,0,True
882,0.009951619367567147,6,6_35_6_49_6,0,True
883,0.0027730615363988366,8,8_46_8_71_8,0,True
884,0.021119410816759377,5,5_13_5_36_5,0,True
885,0.024497503517290426,2,2_12_2_65_2,0,True
886,0.011803110632849882,12,12_32_12_75_12,0,True
887,0.023019700946108675,17,17_9_17_71_17,0,True
888,0.021038565997716228,3,3_5_3_48_3,0,True
889,0.018881311865894347,11,11_47_11_72_11,0,True
890,0.016743299176982102,14,14_13_14_34_14,0,True
891,0.007205389104708313,7,7_17_7_29_7,0,True
892,0.0067772085166790475,13,13_44_13_59_13,0,True
893,0.017732956415315932,14,14_2_14_45_14,0,True
894,0.024248686662280635,19,19_23_19_41_19,0,True
895,0.027239641124644883,21,21_45_21_63_21,0,True
896,0.026321921094543645,14,14_0_14_33_14,0,True
897,0.028780861854011346,19,19_16_19_55_19,0,True
898,0.025756912031591455,3,3_10_3_68_3,0,True
899,0.012108782804635636,18,18_43_18_84_18,0,True
900,0.025085651469812367,1,1_5_1_25_1,0,True
901,0.005734882820981715,15,15_61_15_71_15,0,True
902,0.015514176679861207,16,16_0_16_14_16,0,True
903,0.019517578941647414,19,19_15_19_65_19,0,True
904,0.01352569384456885,2,2_21_2_50_2,0,True
905,0.004687531077274539,10,10_21_10_46_10,0,True
906,0.014414570042858349,8,8_9_8_59_8,0,True
907,0.01570320778723364,10,10_26_10_59_10,0,True
908,0.01406837210054687,18,18_48_18_79_18,0,True
909,0.017700575054543317,10,10_26_10_46_10,0,True
910,0.019069671006637284,1,1_63_1_77_1,0,True
911,0.10135585253627806,8,8_25_8_50_8,0,True
912,0.015353150264954507,20,20_20_20_70_20,0,True
913,0.019868974619806197,21,21_25_21_65_21,0,True
914,0.07640913461924669,8,8_26_8_45_8,0,True
915,0.01995019744286728,13,13_35_13_68_13,0,True
916,0.02000749069137813,1,1_4_1_41_1,0,True
917,0.03011973711792258,19,19_14_19_44_19,0,True
918,0.010795868463743138,3,3_24_3_54_3,0,True
919,0.0024981439807368164,10,10_6_10_16_10,0,True
920,0.01871390713944359,14,14_7_14_70_14,0,True
921,0.008501105174077046,7,7_9_7_45_7,0,True
922,0.005236480270778739,16,16_3_16_63_16,0,True
923,0.013463064552303382,2,2_29_2_40_2,0,True
924,0.004289745660869437,13,13_47_13_59_13,0,True
925,0.00828201244448853,4,4_16_4_40_4,0,True
926,0.02457796437190553,20,20_23_20_69_20,0,True
927,0.04662396028659071,15,15_1_15_56_15,0,True
928,0.022638287771576348,11,11_1_11_49_11,0,True
929,0.024177840116029713,14,14_8_14_33_14,0,True
930,0.01343952272455136,4,4_41_4_66_4,0,True
931,0.012441391125814577,4,4_39_4_75_4,0,True
932,0.059590612301771366,4,4_13_4_27_4,0,True
933,0.014054528055935737,10,10_13_10_76_10,0,True
934,0.005642611192079766,12,12_34_12_47_12,0,True
935,0.01187471730560576,8,8_48_8_79_8,0,True
936,0.03008844555743218,9,9_20_9_54_9,0,True
937,0.002812724373648481,13,13_9_13_63_13,0,True
938,0.32289322926074077,21,21_3_21_40_21,0,True
939,0.019902921820313252,1,1_1_1_26_1,0,True
940,0.04014814872485326,14,14_5_14_23_14,0,True
941,0.04574390736722746,3,3_41_3_58_3,0,True
942,0.07442478088970199,9,9_22_9_52_9,0,True
943,0.0170060675279324,3,3_7_3_27_3,0,True
944,0.0029506133440477915,2,2_42_2_72_2,0,True
945,0.003527388873296892,13,13_6_13_24_13,0,True
946,0.016618943401703654,16,16_12_16_30_16,0,True
947,0.042035135272245866,8,8_30_8_47_8,0,True
948,0.04865623874357808,8,8_6_8_60_8,0,True
949,0.01651899755490546,5,5_47_5_66_5,0,True
950,0.010849100571636605,5,5_9_5_79_5,0,True
951,0.014832676289455494,7,7_41_7_54_7,0,True
952,0.021017458854835032,17,17_4_17_49_17,0,True
953,0.006907146796512508,4,4_44_4_54_4,0,True
954,0.02745291909241264,15,15_58_15_79_15,0,True
955,0.0310237835548678,19,19_36_19_54_19,0,True
956,0.012752296186780561,3,3_44_3_78_3,0,True
957,0.023146286139050364,4,4_7_4_55_4,0,True
958,0.012535371678094669,13,13_32_13_43_13,0,True
959,0.012220614580644983,3,3_10_3_75_3,0,True
960,0.006336250841712285,4,4_35_4_70_4,0,True
961,0.0850038476564454,8,8_26_8_43_8,0,True
962,0.030381167931135915,14,14_13_14_30_14,0,True
963,0.02678925823869431,7,7_28_7_69_7,0,True
964,0.02388315525505554,9,9_1_9_74_9,0,True
965,0.014718129995678673,3,3_48_3_71_3,0,True
966,0.014470460695557243,20,20_28_20_64_20,0,True
967,0.010315759602724859,20,20_19_20_32_20,0,True
968,0.020437580582114895,11,11_22_11_58_11,0,True
969,0.021430615888574662,20,20_24_20_67_20,0,True
970,0.008562216438861396,4,4_35_4_77_4,0,True
971,0.010389478919418616,18,18_28_18_40_18,0,True
972,0.015062817641775781,1,1_16_1_42_1,0,True
973,0.009073884776455052,6,6_12_6_75_6,0,True
974,0.1274019765961398,8,8_28_8_46_8,0,True
975,0.011903963912636366,4,4_7_4_41_4,0,True
976,0.014251554942028066,2,2_13_2_53_2,0,True
977,0.01104146902028036,13,13_6_13_71_13,0,True
978,0.02737206260698289,18,18_51_18_83_18,0,True
979,0.016710114312544613,7,7_27_7_40_7,0,True
980,0.02975861190187173,9,9_44_9_68_9,0,True
981,0.016493844869278566,17,17_47_17_59_17,0,True
982,0.01601462711865,21,21_30_21_40_21,0,True
983,0.043152835890943146,6,6_34_6_45_6,0,True
984,0.013070537794386251,1,1_2_1_43_1,0,True
985,0.05843489276651962,10,10_18_10_36_10,0,True
986,0.055717855946261816,4,4_20_4_40_4,0,True
987,0.017795162440548472,15,15_45_15_67_15,0,True
988,0.01759393200978297,6,6_23_6_63_6,0,True
989,0.09505263012540328,20,20_59_20_75_20,0,True
990,0.005957723785837093,13,13_7_13_19_13,0,True
991,0.003688586824823966,10,10_14_10_27_10,0,True
248,0.018122837184004637,10,10_41_10_60_10,0,True
249,0.013470075593089841,3,3_10_3_22_3,0,True
250,0.01939622696605337,12,12_5_12_39_12,0,True
251,0.0918093764138918,3,3_31_3_64_3,0,True
252,0.06126842446802495,19,19_3_19_63_19,0,True
253,0.01310073150543508,17,17_9_17_58_17,0,True
254,0.2119928064536357,8,8_40_8_58_8,0,True
255,0.009881481478299281,3,3_37_3_79_3,0,True
